create database mybatis default character set utf8 collate utf8_general_ci;

create table country(
	id int not null auto_increment,
    countryname varchar(255) null,
    countrycode varchar(255) null,
    primary key (id)
    
);

insert country(`countryname`,`countrycode`)values('中国','CN'),('美国','US'),('俄罗斯','RU'),('英国','GB'),('法国','FR');



create table sys_user(
	id bigint not null auto_increment comment '用户id',
    user_name varchar(50) comment '用户名',
    user_password varchar(50) comment '密码',
    user_email varchar(50) comment '邮箱',
    user_info text comment '简介',
    head_img blob comment '头像',
    created_time datetime comment'创建时间',
    primary key(id)
);
alter table sys_user comment '用户表';

create table sys_role(
	id bigint not null auto_increment comment '角色id',
    role_name varchar(50) comment '角色名',
    enabled varchar(50) comment '有效标志',
    created_by varchar(50) comment '创建人',
    created_time text comment '创建时间',
    primary key(id)
);
alter table sys_role comment '角色表';

create table sys_privilege(
	id bigint not null auto_increment comment '权限id',
    privilege_name varchar(50) comment '权限名',
    privilege_url varchar(50) comment '权限url',
    primary key(id)
);
alter table sys_privilege comment '权限表';

create table sys_user_role(
	user_id bigint comment'用户id',
    role_id bigint comment'角色id'
);
alter table sys_user_role comment '用户角色关联表';

create table sys_role_privilege(
	role_id bigint comment'角色id',
    privilege_id bigint comment'权限id'
);
alter table sys_role_privilege comment '角色权限关联表';



insert into sys_user values('1','admin','123456','admin@mybatis.tk','管理员',null,'2017-10-17 21:44:00');
insert into sys_user values('1001','test','123456','test@mybatis.tk','测试用户',null,'2017-10-17 21:45:00');

insert into sys_role values('1','管理员','1','1','2017-10-17 21:45:00');
insert into sys_role values('2','普通用户','1','1','2017-10-17 21:46:00');

insert into sys_user_role values('1','1');
insert into sys_user_role values('1','2');
insert into sys_user_role values('1001','2');

insert into sys_privilege values('1','用户管理','/users');
insert into sys_privilege values('2','角色管理','/roles');
insert into sys_privilege values('3','系统日志','/logs');
insert into sys_privilege values('4','人员维护','/persons');
insert into sys_privilege values('5','单位维护','/companies');

insert into sys_role_privilege values('1','1');
insert into sys_role_privilege values('1','3');
insert into sys_role_privilege values('1','2');
insert into sys_role_privilege values('2','4');
insert into sys_role_privilege values('2','5');

select * from sys_user;
select * from sys_role;
select * from sys_user_role;
select * from sys_privilege;
select * from sys_role_privilege;


